{
  "predict_day": 41,
  "rbf": 223.3049511686755,
  "linear": 224.0545042846474,
  "poly": 221.4800370541093
}